{
    "hyperparameters": {
        "filters_0": 32,
        "kernel_size_0": 1,
        "pool_0": 1,
        "dropout_0": 0.2755085075265731,
        "add_second_conv": true,
        "num_dense_layers": 1,
        "units_0": 128,
        "l2_reg": 0.003578269895797281,
        "dense_dropout_0": 0.4835180797436991,
        "optimizer": "rmsprop",
        "lr": 0.003299950120913453,
        "units_1": 128,
        "dense_dropout_1": 0.46869453180949283,
        "filters_1": 64,
        "dropout_1": 0.41857482796104717,
        "tuner/epochs": 30,
        "tuner/initial_epoch": 10,
        "tuner/bracket": 1,
        "tuner/round": 1,
        "tuner/trial_id": "0076"
    },
    "input_shape": [
        1,
        97
    ],
    "timestamp": "2026-03-14 12:36:27",
    "option_used": "Hyperparameter Tuning"
}